OBJECTID_1,OBJECTID,Damage_Status,UNIQUE_ID,SRI,MP_START,MP_END,IS_CIRCLE,STREET,TOWN_ID,TOWN_NAME,SECT_LENGT,SRI_TYPE,FUNCT_SYST,fedfunccls,URBAN_ID,URBAN_NAME,POPULATION,IS_NHS,NHS,NHS_DESCR,IS_FED_AID,TOLL,IS_TRK_ROU,priority,TIER_DESCR,LC_LEGEND,LEGIS_CLAS,WINTER_MAI,SUMMER_MAI,OWNERSHIP,OWNERSHIP_,HPMS_OWNER,HPMS_OWN_1,PLOW_LEVEL,surfc_type,ROADWAY_WI,num_lanes,LANE_WIDTH,SHLDR_TYPE,SHLDR_TY_1,SHLDR_WIDT,SHLDR_WI_1,DIRECTION_,COUNTY_ID,COUNTY_NAM,EXEC_COUNC,EXEC_COU_1,COUNTER_ID,AADT_CURR_,capacity,ROUTE_HIOR,STREET_ALI,NODE_1,NODE_2,HPMS_FACIL,HPMS_FAC_1,HPMS_THRU_,DUAL_CARRI,AGGREGATE_,CREATE_DAT,SHAPE_Leng,LongitudeX,LatitudeY,Shape_Leng,Z_Min,Z_Max,Z_Mean,Length3D,Min_Slope,Max_Slope,Avg_Slope,Damage,Nearest_Gauge,Max_Height,Return_Period,Distance_to_Coast_m,Nearest_Wave_Gauge,Max_WVHT,Max_Dir,Avg_WVHT,Avg_Dir,Nearest_Wind_Gauge,Max_WSPD,Max_WSPD_Dir,Avg_WSPD,Avg_WSPD_Dir,Nearest_Precip_Gauge,Precipitation,Rel_Elev_Min,Rel_Elev_Mean,Rel_Elev_Max,aadt_type,jurisdictn,st_urbrur
176,57138,Damage,3616,L3970079__,0.554,0.895,NO,Locke Rd,397,RYE,0.341,Local,7,Local,71506,Portsmouth,POP 50K > 200K,NO,0, ,NO,,NO,5,Local Roads,Local,V,TOWN,TOWN,TOWN,TOWN,3,Town or Township Highway Agency,0,Flexible,20,2,10,,,0,0,Two way,15,ROCKINGHAM,3,Dist 3 - Janet Stevens, ,2022,504, , ,100,93,2,Two-way roadway,2, ,0,3/30/24,1799.500505,-70.75875369,42.9983294,751.114832,2.1336,7.3152,4.135567716,773.8960318,0,258.1985667,10.87478629,Washout,Seavey,8.3,109.8,217.0992245,Jeffrey's Ledge,6.13,128,3.43,222.88,Isle of Shoals,33.1,130,16.35,167.7,Rye,2.34,-0.39624,4.78536,1.605727716,,,
216,57311,Damage,138541,L3970080__,0.301,0.377,NO,Harbor Rd,397,RYE,0.076,Local,7,Local,71506,Portsmouth,POP 50K > 200K,NO,0, ,NO,,NO,5,Local Roads,Local,V,TOWN,TOWN,TOWN,TOWN,3,Town or Township Highway Agency,0,Flexible,14,2,7,,,0,0,Two way,15,ROCKINGHAM,3,Dist 3 - Janet Stevens,82397056,2022,561, , ,98,668,2,Two-way roadway,2, ,0,3/30/24,398.6013369,-70.75322072,43.00044609,165.8876299,2.1336,3.048,2.216721026,169.6484485,0,228.7891102,8.175443195,Washout,Seavey,8.3,109.8,49.3945554,Jeffrey's Ledge,6.13,128,3.43,222.88,Isle of Shoals,33.1,130,16.35,167.7,Rye,2.34,-0.39624,0.51816,-0.313118974,,,
380,99960,Damage,32403,S0000001A_,7.824,7.849,NO,Ocean Blvd,397,RYE,0.025,State,5,Major Collector,71506,Portsmouth,POP 50K > 200K,NO,0, ,YES,,NO,3,Regional Corridors,State,I,610,610,610,DISTRICT 6,1,State Highway Agency,3,Flexible,44,2,11,Paved,Paved,11,11,Two way,15,ROCKINGHAM,3,Dist 3 - Janet Stevens,82397017,2022,2938,NH 1A,NH 1A,6058,1,2,Two-way roadway,2, ,0,3/30/24,134.421766,-70.77074484,42.9698725,56.01226892,4.8768,4.8768,4.8768,56.01226892,0,0,0,Washout,Seavey,8.3,109.8,65.30335958,Jeffrey's Ledge,6.13,128,3.43,222.88,Isle of Shoals,33.1,130,16.35,167.7,Rye,2.34,2.34696,2.34696,2.34696,,,
391,102094,Damage,45124,S0000001A_,7.849,8.002,NO,Ocean Blvd,397,RYE,0.153,State,5,Major Collector,71506,Portsmouth,POP 50K > 200K,NO,0, ,YES,,NO,3,Regional Corridors,State,I,610,610,610,DISTRICT 6,1,State Highway Agency,3,Flexible,32,2,11,Paved,Paved,5,5,Two way,15,ROCKINGHAM,3,Dist 3 - Janet Stevens,82397017,2022,2938,NH 1A,NH 1A,1,4,2,Two-way roadway,2, ,0,3/30/24,808.6128374,-70.7696594,42.97088396,337.0919537,4.8768,4.8768,4.8768,337.0919537,0,0,0,Washout,Seavey,8.3,109.8,25.59785962,Jeffrey's Ledge,6.13,128,3.43,222.88,Isle of Shoals,33.1,130,16.35,167.7,Rye,2.34,2.34696,2.34696,2.34696,,,
392,102095,Damage,1458,S0000001A_,8.002,8.087,NO,Ocean Blvd,397,RYE,0.085,State,5,Major Collector,71506,Portsmouth,POP 50K > 200K,NO,0, ,YES,,NO,3,Regional Corridors,State,I,610,610,610,DISTRICT 6,1,State Highway Agency,3,Flexible,28,2,11,Paved,Paved,4,2,Two way,15,ROCKINGHAM,3,Dist 3 - Janet Stevens,82397017,2022,2938,NH 1A,NH 1A,4,5,2,Two-way roadway,2, ,0,3/30/24,449.3674292,-70.7680519,42.9720586,187.0261085,4.2672,4.8768,4.597680196,192.7735746,0,232.9983865,10.95242493,Washout,Seavey,8.3,109.8,30.65651439,Jeffrey's Ledge,6.13,128,3.43,222.88,Isle of Shoals,33.1,130,16.35,167.7,Rye,2.34,1.73736,2.34696,2.067840196,,,
402,102112,Damage,124578,S0000001A_,10.37,10.807,NO,Ocean Blvd,397,RYE,0.437,State,5,Major Collector,71506,Portsmouth,POP 50K > 200K,NO,0, ,YES,,NO,3,Regional Corridors,State,I,610,610,610,DISTRICT 6,1,State Highway Agency,3,Flexible,32,2,11,Paved,Paved,5,5,Two way,15,ROCKINGHAM,3,Dist 3 - Janet Stevens,82397054,2022,2678,NH 1A,NH 1A,268,270,2,Two-way roadway,2, ,0,3/30/24,2308.205101,-70.74965532,43.00298587,961.6269535,0,4.24107864,2.529168845,994.5644482,0,986.947268,20.3499227,Washout,Seavey,8.3,109.8,25.74447096,Jeffrey's Ledge,6.13,128,3.43,222.88,Isle of Shoals,33.1,130,16.35,167.7,Rye,2.34,-2.52984,1.71123864,-0.000671155,,,
448,102251,Damage,31864,S0000001A_,11.501,11.739,NO,Ocean Blvd,397,RYE,0.238,State,5,Major Collector,71506,Portsmouth,POP 50K > 200K,NO,0, ,YES,,NO,3,Regional Corridors,State,I,610,610,610,DISTRICT 6,1,State Highway Agency,3,Flexible,30,2,11,Paved,Paved,5,3,Two way,15,ROCKINGHAM,3,Dist 3 - Janet Stevens,62397052,2022,1894,NH 1A,NH 1A,30,160,2,Two-way roadway,2, ,0,3/30/24,1257.63414,-70.73925262,43.01169576,523.699411,2.7432,3.9624,3.444146527,529.725995,0,246.9944147,4.233447587,Washout,Seavey,8.3,109.8,21.0402054,Jeffrey's Ledge,6.13,128,3.43,222.88,Isle of Shoals,33.1,130,16.35,167.7,Rye,2.34,0.21336,1.43256,0.914306527,,,
400,102110,No Damage,6375,S0000001A_,9.885,10.253,NO,Ocean Blvd,397,RYE,0.368,State,5,Major Collector,71506,Portsmouth,POP 50K > 200K,NO,0, ,YES,,NO,3,Regional Corridors,State,I,610,610,610,DISTRICT 6,1,State Highway Agency,3,Flexible,32,2,11,Paved,Paved,5,5,Two way,15,ROCKINGHAM,3,Dist 3 - Janet Stevens,82397054,2022,2678,NH 1A,NH 1A,93,98,2,Two-way roadway,2, ,0,3/30/24,1942.705953,-70.75584131,42.99829291,810.4652238,2.4384,4.572,2.971354565,819.9198824,0,221.8042712,4.156829652,No Damage,Seavey,8.3,109.8,108.8077813,Jeffrey's Ledge,6.13,128,3.43,222.88,Isle of Shoals,33.1,130,16.35,167.7,Rye,2.34,-0.09144,2.04216,0.441514565,,,
215,57310,No Damage,28665,L3970080__,0,0.301,NO,Harbor Rd,397,RYE,0.301,Local,7,Local,71506,Portsmouth,POP 50K > 200K,NO,0, ,NO,,NO,5,Local Roads,Local,V,TOWN,TOWN,TOWN,TOWN,3,Town or Township Highway Agency,0,Flexible,20,2,10,,,0,0,Two way,15,ROCKINGHAM,3,Dist 3 - Janet Stevens, ,2022,504, , ,100,98,2,Two-way roadway,2, ,0,3/30/24,1591.801219,-70.7569036,43.00069633,662.3762348,2.1336,7.3152,4.577332613,677.1073442,0,262.415694,8.280673429,No Damage,Seavey,8.3,109.8,230.0763519,Jeffrey's Ledge,6.13,128,3.43,222.88,Isle of Shoals,33.1,130,16.35,167.7,Rye,2.34,-0.39624,4.78536,2.047492613,,,
177,57139,No Damage,45368,L3970079__,0.895,0.96,NO,Locke Rd,397,RYE,0.065,Local,7,Local,71506,Portsmouth,POP 50K > 200K,NO,0, ,NO,,NO,5,Local Roads,Local,V,TOWN,TOWN,TOWN,TOWN,3,Town or Township Highway Agency,0,Flexible,20,2,10,,,0,0,Two way,15,ROCKINGHAM,3,Dist 3 - Janet Stevens, ,2022,504, , ,93,95,2,Two-way roadway,2, ,0,3/30/24,343.4647523,-70.75728283,42.99567108,143.1618011,4.2672,6.096,5.588203691,155.5393428,0,240.6137052,28.95724385,No Damage,Seavey,8.3,109.8,185.0531439,Jeffrey's Ledge,6.13,128,3.43,222.88,Isle of Shoals,33.1,130,16.35,167.7,Rye,2.34,1.73736,3.56616,3.058363691,,,
175,57137,No Damage,43553,L3970079__,0.443,0.554,NO,Locke Rd,397,RYE,0.111,Local,7,Local,71506,Portsmouth,POP 50K > 200K,NO,0, ,NO,,NO,5,Local Roads,Local,V,TOWN,TOWN,TOWN,TOWN,3,Town or Township Highway Agency,0,Flexible,20,2,10,,,0,0,Two way,15,ROCKINGHAM,3,Dist 3 - Janet Stevens, ,2022,504, , ,101,100,2,Two-way roadway,2, ,0,3/30/24,583.4703978,-70.76063846,43.0011925,243.2345948,7.3152,9.05213328,8.336856587,254.4909625,0,215.4341299,15.83653869,No Damage,Seavey,8.3,109.8,515.6289637,Jeffrey's Ledge,6.13,128,3.43,222.88,Isle of Shoals,33.1,130,16.35,167.7,Rye,2.34,4.78536,6.52229328,5.807016587,,,
243,57387,No Damage,8406,L3970187__,0,0.051,NO,Drake Ln,397,RYE,0.051,Local,7,Local,71506,Portsmouth,POP 50K > 200K,NO,0, ,NO,,NO,5,Local Roads,Local,V,TOWN,TOWN,TOWN,TOWN,3,Town or Township Highway Agency,0,Flexible,20,2,10,,,0,0,Two way,15,ROCKINGHAM,3,Dist 3 - Janet Stevens, ,2022,504, , ,95,94,2,Two-way roadway,2, ,0,3/30/24,269.4069314,-70.75656609,42.99553649,112.2911936,4.572,6.096,5.08148993,116.1043326,0,230.7835117,12.11012706,No Damage,Seavey,8.3,109.8,184.955944,Jeffrey's Ledge,6.13,128,3.43,222.88,Isle of Shoals,33.1,130,16.35,167.7,Rye,2.34,2.04216,3.56616,2.55164993,,,
401,102111,No Damage,124610,S0000001A_,10.253,10.37,NO,Ocean Blvd,397,RYE,0.117,State,5,Major Collector,71506,Portsmouth,POP 50K > 200K,NO,0, ,YES,,NO,3,Regional Corridors,State,I,610,610,610,DISTRICT 6,1,State Highway Agency,3,Flexible,32,2,11,Paved,Paved,5,5,Two way,15,ROCKINGHAM,3,Dist 3 - Janet Stevens,82397054,2022,2678,NH 1A,NH 1A,98,268,2,Two-way roadway,2, ,0,3/30/24,620.1129178,-70.75334852,43.00129469,258.7155269,2.1336,2.4384,2.366250782,261.5572367,0,204.8988345,4.06990399,No Damage,Seavey,8.3,109.8,128.6624543,Jeffrey's Ledge,6.13,128,3.43,222.88,Isle of Shoals,33.1,130,16.35,167.7,Rye,2.34,-0.39624,-0.09144,-0.163589218,,,
377,96688,No Damage,115347,P3978024__,0,0.149,NO,No Name,397,RYE,0.149,Private,0,No Functional System,71506,Portsmouth,POP 50K > 200K,NO,0, ,NO,,NO,2, ,Private,0,PRIVATE,PRIVATE,PRIVATE,PRIVATE, , ,0,Flexible,24,2,12,,,0,0,Two way,15,ROCKINGHAM,3,Dist 3 - Janet Stevens, ,0,504, , ,268,668,0, ,0, ,0,3/30/24,787.2143386,-70.75220182,43.00128815,328.3642633,1.8288,3.048,2.460878934,334.2966327,0,244.692514,6.663098908,No Damage,Seavey,8.3,109.8,42.05175701,Jeffrey's Ledge,6.13,128,3.43,222.88,Isle of Shoals,33.1,130,16.35,167.7,Rye,2.34,-0.70104,0.51816,-0.068961066,,,
227,57342,No Damage,52888,L3970080__,0.377,0.495,NO,Harbor Rd,397,RYE,0.118,Local,7,Local,71506,Portsmouth,POP 50K > 200K,NO,0, ,NO,,NO,5,Local Roads,Local,V,TOWN,TOWN,TOWN,TOWN,3,Town or Township Highway Agency,0,Flexible,14,2,7,,,0,0,Two way,15,ROCKINGHAM,3,Dist 3 - Janet Stevens,82397056,2022,561, , ,668,96,2,Two-way roadway,2, ,0,3/30/24,625.4279061,-70.75143799,42.99983751,232.4219881,0,3.6576,2.393559742,248.6687583,0,1424.758204,65.29783727,No Damage,Seavey,8.3,109.8,43.61025861,Jeffrey's Ledge,6.13,128,3.43,222.88,Isle of Shoals,33.1,130,16.35,167.7,Rye,2.34,-2.52984,1.12776,-0.136280258,,,
187,57173,No Damage,123688,L3970079__,0.96,1.061,NO,Locke Rd,397,RYE,0.101,Local,7,Local,71506,Portsmouth,POP 50K > 200K,NO,0, ,NO,,NO,5,Local Roads,Local,V,TOWN,TOWN,TOWN,TOWN,3,Town or Township Highway Agency,0,Flexible,20,2,10,,,0,0,Two way,15,ROCKINGHAM,3,Dist 3 - Janet Stevens, ,2022,504, , ,95,92,2,Two-way roadway,2, ,0,3/30/24,533.9494304,-70.75638575,42.99469154,222.796144,6.096,7.9248,7.103228324,229.0121037,0,243.8364372,9.989230756,No Damage,Seavey,8.3,109.8,276.7127357,Jeffrey's Ledge,6.13,128,3.43,222.88,Isle of Shoals,33.1,130,16.35,167.7,Rye,2.34,3.56616,5.39496,4.573388324,,,
228,57343,No Damage,138540,L3970080__,0.495,0.558,NO,Harbor Rd,397,RYE,0.063,Local,7,Local,71506,Portsmouth,POP 50K > 200K,NO,0, ,NO,,NO,5,Local Roads,Local,V,TOWN,TOWN,TOWN,TOWN,3,Town or Township Highway Agency,0,Flexible,14,2,7,,,0,0,Two way,15,ROCKINGHAM,3,Dist 3 - Janet Stevens, ,2022,504, , ,96,625,2,Two-way roadway,2, ,0,3/30/24,333.1601804,-70.74993235,42.99932906,138.7957046,2.1336,3.048,2.868040234,141.2279606,0,200.9728021,6.281837152,No Damage,Seavey,8.3,109.8,18.16103125,Jeffrey's Ledge,6.13,128,3.43,222.88,Isle of Shoals,33.1,130,16.35,167.7,Rye,2.34,-0.39624,0.51816,0.338200234,,,
9,53801,No Damage,25129,L3970064__,0,0.039,NO,Causeway Rd,397,RYE,0.039,Local,7,Local,71506,Portsmouth,POP 50K > 200K,NO,0, ,NO,,NO,5,Local Roads,Local,V,TOWN,TOWN,TOWN,TOWN,3,Town or Township Highway Agency,0,Flexible,18,2,9,,,0,0,Two way,15,ROCKINGHAM,3,Dist 3 - Janet Stevens, ,2022,504, , ,1,2,2,Two-way roadway,2, ,0,3/30/24,205.5643244,-70.77088865,42.97016644,85.58850752,2.1336,4.8768,3.216969751,90.71648953,0,218.3681436,20.45020019,No Damage,Seavey,8.3,109.8,85.54320331,Jeffrey's Ledge,6.13,128,3.43,222.88,Isle of Shoals,33.1,130,16.35,167.7,Rye,2.34,-0.39624,2.34696,0.687129751,,,
103,56663,No Damage,22243,L3970101__,0,0.028,NO,Causeway Rd,397,RYE,0.028,Local,7,Local,71506,Portsmouth,POP 50K > 200K,NO,0, ,NO,,NO,5,Local Roads,Local,V,TOWN,TOWN,TOWN,TOWN,3,Town or Township Highway Agency,0,Flexible,16,2,8,,,0,0,Two way,15,ROCKINGHAM,3,Dist 3 - Janet Stevens, ,2022,504, , ,6057,2,2,Two-way roadway,2, ,0,3/30/24,148.2207574,-70.77125311,42.97011802,61.85565368,1.8288,2.4384,2.091965866,65.19711779,0,188.0403438,17.93245267,No Damage,Seavey,8.3,109.8,109.8183635,Jeffrey's Ledge,6.13,128,3.43,222.88,Isle of Shoals,33.1,130,16.35,167.7,Rye,2.34,-0.70104,-0.09144,-0.437874134,,,
10,53802,No Damage,2215,L3970064__,0.039,0.209,NO,Causeway Rd,397,RYE,0.17,Local,7,Local,71506,Portsmouth,POP 50K > 200K,NO,0, ,NO,,NO,5,Local Roads,Local,V,TOWN,TOWN,TOWN,TOWN,3,Town or Township Highway Agency,0,Flexible,18,2,9,,,0,0,Two way,15,ROCKINGHAM,3,Dist 3 - Janet Stevens, ,2022,504, , ,2,9,2,Two-way roadway,2, ,0,3/30/24,896.5017091,-70.77253325,42.97105615,373.500509,2.1336,4.3369992,3.411450564,381.6720217,0,235.4050288,7.993554895,No Damage,Seavey,8.3,109.8,241.6833628,Jeffrey's Ledge,6.13,128,3.43,222.88,Isle of Shoals,33.1,130,16.35,167.7,Rye,2.34,-0.39624,1.8071592,0.881610564,,,
60,56089,No Damage,27638,L3970063__,0,0.229,NO,Central Rd,397,RYE,0.229,Local,7,Local,71506,Portsmouth,POP 50K > 200K,NO,0, ,NO,,NO,5,Local Roads,Local,V,TOWN,TOWN,TOWN,TOWN,3,Town or Township Highway Agency,0,Flexible,20,2,10,,,0,0,Two way,15,ROCKINGHAM,3,Dist 3 - Janet Stevens, ,2022,504, , ,4,11,2,Two-way roadway,2, ,0,3/30/24,1210.184978,-70.77045056,42.97289261,504.0576888,3.3528,5.7912,4.774810546,514.9575847,0,233.4289561,7.624691443,No Damage,Seavey,8.3,109.8,220.5645293,Jeffrey's Ledge,6.13,128,3.43,222.88,Isle of Shoals,33.1,130,16.35,167.7,Rye,2.34,0.82296,3.26136,2.244970546,,,
12,53804,No Damage,36465,L3970065__,0,0.062,NO,Old Locke Rd,397,RYE,0.062,Local,7,Local,71506,Portsmouth,POP 50K > 200K,NO,0, ,NO,,NO,5,Local Roads,Local,V,TOWN,TOWN,TOWN,TOWN,3,Town or Township Highway Agency,0,Flexible,22,2,11,,,0,0,Two way,15,ROCKINGHAM,3,Dist 3 - Janet Stevens, ,2022,504, , ,9,6056,2,Two-way roadway,2, ,0,3/30/24,327.7703547,-70.77396719,42.97163623,136.610879,1.8288,3.3528,2.784726982,140.2891768,0,221.6509518,9.686515923,No Damage,Seavey,8.3,109.8,372.0011749,Jeffrey's Ledge,6.13,128,3.43,222.88,Isle of Shoals,33.1,130,16.35,167.7,Rye,2.34,-0.70104,0.82296,0.254886982,,,
14,53928,No Damage,32026,L3970066__,0.124,0.345,NO,Church Rd,397,RYE,0.221,Local,7,Local,71506,Portsmouth,POP 50K > 200K,NO,0, ,NO,,NO,5,Local Roads,Local,V,TOWN,TOWN,TOWN,TOWN,3,Town or Township Highway Agency,0,Flexible,10,1,10,,,0,0,Two way,15,ROCKINGHAM,3,Dist 3 - Janet Stevens, ,2022,504, , ,633,5,2,Two-way roadway,1, ,0,3/30/24,1166.532889,-70.76744574,42.97351989,486.2449153,3.048,5.1816,4.052861071,499.4629002,0,235.2739738,9.758926417,No Damage,Seavey,8.3,109.8,151.4228428,Jeffrey's Ledge,6.13,128,3.43,222.88,Isle of Shoals,33.1,130,16.35,167.7,Rye,2.34,0.51816,2.65176,1.523021071,,,
11,53803,No Damage,24702,L3970064__,0.209,0.354,NO,Causeway Rd,397,RYE,0.145,Local,7,Local,71506,Portsmouth,POP 50K > 200K,NO,0, ,NO,,NO,5,Local Roads,Local,V,TOWN,TOWN,TOWN,TOWN,3,Town or Township Highway Agency,0,Flexible,22,2,11,,,0,0,Two way,15,ROCKINGHAM,3,Dist 3 - Janet Stevens, ,2022,504, , ,9,11,2,Two-way roadway,2, ,0,3/30/24,767.5001479,-70.77290794,42.97290936,320.1356967,2.4384,4.8768,2.954352969,327.7530041,0,243.9232598,8.493079005,No Damage,Seavey,8.3,109.8,372.1394531,Jeffrey's Ledge,6.13,128,3.43,222.88,Isle of Shoals,33.1,130,16.35,167.7,Rye,2.34,-0.09144,2.34696,0.424512969,,,
364,96543,No Damage,115384,P3978062__,0,0.134,NO,Sewer Pump Station,397,RYE,0.134,Private,0,No Functional System,71506,Portsmouth,POP 50K > 200K,NO,0, ,NO,,NO,2, ,Private,0,PRIVATE,PRIVATE,PRIVATE,PRIVATE, , ,0,Unimproved,12,2,6,,,0,0,Two way,15,ROCKINGHAM,3,Dist 3 - Janet Stevens, ,0,504, , ,633,634,0, ,0, ,0,3/30/24,707.8971292,-70.76770921,42.97503512,294.5839446,3.048,3.9624,3.55710847,299.4523695,0,209.9929378,5.844719864,No Damage,Seavey,8.3,109.8,219.4875547,Jeffrey's Ledge,6.13,128,3.43,222.88,Isle of Shoals,33.1,130,16.35,167.7,Rye,2.34,0.51816,1.43256,1.02726847,,,
393,102096,No Damage,98567,S0000001A_,8.087,8.445,NO,Ocean Blvd,397,RYE,0.358,State,5,Major Collector,71506,Portsmouth,POP 50K > 200K,NO,0, ,YES,,NO,3,Regional Corridors,State,I,610,610,610,DISTRICT 6,1,State Highway Agency,3,Flexible,28,2,11,Paved,Paved,4,2,Two way,15,ROCKINGHAM,3,Dist 3 - Janet Stevens,82397017,2022,2938,NH 1A,NH 1A,5,6,2,Two-way roadway,2, ,0,3/30/24,1886.084383,-70.76551242,42.9740768,786.2829978,2.7432,4.8768,3.621912568,798.162248,0,216.3757038,5.38268115,No Damage,Seavey,8.3,109.8,92.75368797,Jeffrey's Ledge,6.13,128,3.43,222.88,Isle of Shoals,33.1,130,16.35,167.7,Rye,2.34,0.21336,2.34696,1.092072568,,,
61,56090,No Damage,48410,L3970063__,0.229,0.422,NO,Central Rd,397,RYE,0.193,Local,7,Local,71506,Portsmouth,POP 50K > 200K,NO,0, ,NO,,NO,5,Local Roads,Local,V,TOWN,TOWN,TOWN,TOWN,3,Town or Township Highway Agency,0,Flexible,20,2,10,,,0,0,Two way,15,ROCKINGHAM,3,Dist 3 - Janet Stevens, ,2022,504, , ,11,12,2,Two-way roadway,2, ,0,3/30/24,1018.895404,-70.77337472,42.97488012,424.8954185,4.8768,10.668,7.559320791,438.4399322,0,259.3278358,11.25147366,No Damage,Seavey,8.3,109.8,545.26883,Jeffrey's Ledge,6.13,128,3.43,222.88,Isle of Shoals,33.1,130,16.35,167.7,Rye,2.34,2.34696,8.13816,5.029480791,,,
13,53927,No Damage,139798,L3970066__,0,0.124,NO,Church Rd,397,RYE,0.124,Local,7,Local,71506,Portsmouth,POP 50K > 200K,NO,0, ,NO,,NO,5,Local Roads,Local,V,TOWN,TOWN,TOWN,TOWN,3,Town or Township Highway Agency,0,Flexible,10,1,10,,,0,0,Two way,15,ROCKINGHAM,3,Dist 3 - Janet Stevens, ,2022,504, , ,6,633,2,Two-way roadway,1, ,0,3/30/24,656.0629808,-70.76592976,42.97556672,273.6368341,2.4384,3.048,2.78554308,276.0717066,0,226.0007291,3.412381882,No Damage,Seavey,8.3,109.8,72.58862758,Jeffrey's Ledge,6.13,128,3.43,222.88,Isle of Shoals,33.1,130,16.35,167.7,Rye,2.34,-0.09144,0.51816,0.25570308,,,
57,56086,No Damage,31598,L3970060__,2.17,2.611,NO,South Rd,397,RYE,0.441,Local,7,Local,71506,Portsmouth,POP 50K > 200K,NO,0, ,NO,,NO,5,Local Roads,Local,V,TOWN,TOWN,TOWN,TOWN,3,Town or Township Highway Agency,0,Flexible,18,2,9,Paved,Paved,2,2,Two way,15,ROCKINGHAM,3,Dist 3 - Janet Stevens, ,2022,504, , ,12,7,2,Two-way roadway,2, ,0,3/30/24,2328.210713,-70.76938209,42.97662635,968.4883801,3.6576,10.668,5.550649286,983.8319249,0,261.5956797,5.895259007,No Damage,Seavey,8.3,109.8,253.448985,Jeffrey's Ledge,6.13,128,3.43,222.88,Isle of Shoals,33.1,130,16.35,167.7,Rye,2.34,1.12776,8.13816,3.020809286,,,
434,102231,No Damage,55393,S0000001A_,8.445,8.488,NO,Ocean Blvd,397,RYE,0.043,State,5,Major Collector,71506,Portsmouth,POP 50K > 200K,NO,0, ,YES,,NO,3,Regional Corridors,State,I,610,610,610,DISTRICT 6,1,State Highway Agency,3,Flexible,26,2,10,Paved,Paved,5,1,Two way,15,ROCKINGHAM,3,Dist 3 - Janet Stevens,82397017,2022,2938,NH 1A,NH 1A,6,7,2,Two-way roadway,2, ,0,3/30/24,229.6310866,-70.765204,42.9766431,95.82614077,2.7432,3.6576,3.219651534,97.89676576,0,224.1963456,7.71956141,No Damage,Seavey,8.3,109.8,32.80013137,Jeffrey's Ledge,6.13,128,3.43,222.88,Isle of Shoals,33.1,130,16.35,167.7,Rye,2.34,0.21336,1.12776,0.689811534,,,
435,102232,No Damage,28850,S0000001A_,8.488,8.562,NO,Ocean Blvd,397,RYE,0.074,State,5,Major Collector,71506,Portsmouth,POP 50K > 200K,NO,0, ,YES,,NO,3,Regional Corridors,State,I,610,610,610,DISTRICT 6,1,State Highway Agency,3,Flexible,26,2,10,Paved,Paved,3,3,Two way,15,ROCKINGHAM,3,Dist 3 - Janet Stevens,82397017,2022,2938,NH 1A,NH 1A,7,8,2,Two-way roadway,2, ,0,3/30/24,390.1589017,-70.76519,42.97742166,162.7025574,3.048,3.9624,3.555548162,165.8924915,0,213.4664897,6.84131881,No Damage,Seavey,8.3,109.8,36.19251445,Jeffrey's Ledge,6.13,128,3.43,222.88,Isle of Shoals,33.1,130,16.35,167.7,Rye,2.34,0.51816,1.43256,1.025708162,,,
16,53930,No Damage,148266,L3970067__,0.3,0.328,NO,Sea Rd,397,RYE,0.028,Local,7,Local,71506,Portsmouth,POP 50K > 200K,NO,0, ,NO,,NO,5,Local Roads,Local,V,TOWN,TOWN,TOWN,TOWN,3,Town or Township Highway Agency,0,Flexible,22,2,11,,,0,0,Two way,15,ROCKINGHAM,3,Dist 3 - Janet Stevens, ,2022,504, , ,750,8,2,Two-way roadway,2, ,0,3/30/24,148.1781504,-70.76587707,42.97788876,61.64716317,3.048,3.3528,3.222843314,63.86402313,0,230.6717626,12.65537859,No Damage,Seavey,8.3,109.8,81.58580498,Jeffrey's Ledge,6.13,128,3.43,222.88,Isle of Shoals,33.1,130,16.35,167.7,Rye,2.34,0.51816,0.82296,0.693003314,,,
399,102109,No Damage,3027,S0000001A_,9.617,9.885,NO,Ocean Blvd,397,RYE,0.268,State,5,Major Collector,71506,Portsmouth,POP 50K > 200K,NO,0, ,YES,,NO,3,Regional Corridors,State,I,610,610,610,DISTRICT 6,1,State Highway Agency,3,Flexible,40,2,11,Paved,Paved,9,9,Two way,15,ROCKINGHAM,3,Dist 3 - Janet Stevens,82397017,2022,2938,NH 1A,NH 1A,85,93,2,Two-way roadway,2, ,0,3/30/24,1410.693273,-70.75864237,42.99420356,588.8163945,2.7432,4.572,3.340712415,597.4993735,0,239.3272147,5.449939326,No Damage,Seavey,8.3,109.8,341.8013662,Jeffrey's Ledge,6.13,128,3.43,222.88,Isle of Shoals,33.1,130,16.35,167.7,Rye,2.34,0.21336,2.04216,0.810872415,,,
404,102114,No Damage,7727,S0000001A_,10.834,11.501,NO,Ocean Blvd,397,RYE,0.667,State,5,Major Collector,71506,Portsmouth,POP 50K > 200K,NO,0, ,YES,,NO,3,Regional Corridors,State,I,610,610,610,DISTRICT 6,1,State Highway Agency,3,Flexible,32,2,11,Paved,Paved,5,5,Two way,15,ROCKINGHAM,3,Dist 3 - Janet Stevens,82397054,2022,2678,NH 1A,NH 1A,629,30,2,Two-way roadway,2, ,0,3/30/24,3520.417616,-70.7442536,43.00681645,1469.433746,2.4384,3.9624,3.27980076,1488.28888,0,234.0355285,4.776208113,No Damage,Seavey,8.3,109.8,4.84218583,Jeffrey's Ledge,6.13,128,3.43,222.88,Isle of Shoals,33.1,130,16.35,167.7,Rye,2.34,-0.09144,1.43256,0.74996076,,,
403,102113,No Damage,124698,S0000001A_,10.807,10.834,NO,Ocean Blvd,397,RYE,0.027,State,5,Major Collector,71506,Portsmouth,POP 50K > 200K,NO,0, ,YES,,NO,3,Regional Corridors,State,I,610,610,610,DISTRICT 6,1,State Highway Agency,3,Flexible,32,2,11,Paved,Paved,5,5,Two way,15,ROCKINGHAM,3,Dist 3 - Janet Stevens,82397054,2022,2678,NH 1A,NH 1A,270,629,2,Two-way roadway,2, ,0,3/30/24,141.0778676,-70.74559346,43.00215745,58.72051912,2.7432,2.7432,2.7432,58.72051912,0,0,0,No Damage,Seavey,8.3,109.8,59.42959399,Jeffrey's Ledge,6.13,128,3.43,222.88,Isle of Shoals,33.1,130,16.35,167.7,Rye,2.34,0.21336,0.21336,0.21336,,,
188,57174,No Damage,139778,L3970079__,1.061,1.109,NO,Locke Rd,397,RYE,0.048,Local,7,Local,71506,Portsmouth,POP 50K > 200K,NO,0, ,NO,,NO,5,Local Roads,Local,V,TOWN,TOWN,TOWN,TOWN,3,Town or Township Highway Agency,0,Flexible,20,2,10,,,0,0,Two way,15,ROCKINGHAM,3,Dist 3 - Janet Stevens, ,2022,504, , ,92,257,2,Two-way roadway,2, ,0,3/30/24,252.94837,-70.7555407,42.99385967,105.3349605,7.62,8.2296,7.956781295,114.9817736,0,230.5395474,30.42270714,No Damage,Seavey,8.3,109.8,222.0278365,Jeffrey's Ledge,6.13,128,3.43,222.88,Isle of Shoals,33.1,130,16.35,167.7,Rye,2.34,5.09016,5.69976,5.426941295,,,
335,96509,No Damage,115352,P3978029__,0.021,0.095,NO,Straws Point Rd,397,RYE,0.073,Private,0,No Functional System,71506,Portsmouth,POP 50K > 200K,NO,0, ,NO,,NO,2, ,Private,0,PRIVATE,PRIVATE,PRIVATE,PRIVATE, , ,0,Flexible,22,2,11,,,0,0,Two way,15,ROCKINGHAM,3,Dist 3 - Janet Stevens, ,0,504, , ,635,258,0, ,0, ,0,3/30/24,387.0780778,-70.75405849,42.99339266,161.1297941,7.62,7.9248,7.678823123,162.3505702,0,201.2248527,2.69517037,No Damage,Seavey,8.3,109.8,199.3876572,Jeffrey's Ledge,6.13,128,3.43,222.88,Isle of Shoals,33.1,130,16.35,167.7,Rye,2.34,5.09016,5.39496,5.148983123,,,
291,57554,No Damage,102168,L3970195__,0,0.245,NO,Winslow Way,397,RYE,0.245,Local,7,Local,71506,Portsmouth,POP 50K > 200K,NO,0, ,NO,,NO,5,Local Roads,Local,V,TOWN,TOWN,TOWN,TOWN,3,Town or Township Highway Agency,0,Flexible,20,2,10,,,0,0,Two way,15,ROCKINGHAM,3,Dist 3 - Janet Stevens, ,2022,504, , ,714,715,2,Two-way roadway,2, ,0,3/30/24,1291.895221,-70.74084377,43.01310747,538.7579203,5.1816,7.3152,6.355573227,551.3029426,0,231.8068278,8.382635358,No Damage,Seavey,8.3,109.8,215.6277223,Jeffrey's Ledge,6.13,128,3.43,222.88,Isle of Shoals,33.1,130,16.35,167.7,Rye,2.34,2.65176,4.78536,3.825733227,,,
101,56661,No Damage,40305,L3970099__,0,0.057,NO,No Name,397,RYE,0.057,Local,0,No Functional System,71506,Portsmouth,POP 50K > 200K,NO,0, ,NO,,NO,2, ,Not Maintained,VI,NM,NM,TOWN,TOWN,3,Town or Township Highway Agency,0,Unimproved,6,1,6,,,0,0,Two way,15,ROCKINGHAM,3,Dist 3 - Janet Stevens, ,0,504, , ,160,161,2,Two-way roadway,1, ,0,3/30/24,298.7063283,-70.73720691,43.01251341,124.7332319,3.6576,7.3152,5.940210688,130.9069993,0,252.252331,17.33443048,No Damage,Seavey,8.3,109.8,82.1239577,Jeffrey's Ledge,6.13,128,3.43,222.88,Isle of Shoals,33.1,130,16.35,167.7,Rye,2.34,1.12776,4.78536,3.410370688,,,
299,57637,No Damage,138538,L3970075__,3.925,4.004,NO,Washington Rd,397,RYE,0.079,Local,7,Local,71506,Portsmouth,POP 50K > 200K,NO,0, ,NO,,NO,5,Local Roads,Local,V,TOWN,TOWN,TOWN,TOWN,3,Town or Township Highway Agency,0,Flexible,20,2,10,Unpaved,Unpaved,2,2,Two way,15,ROCKINGHAM,3,Dist 3 - Janet Stevens, ,2022,504, , ,714,30,2,Two-way roadway,2, ,0,3/30/24,416.5151911,-70.74165484,43.01152737,173.8506104,2.7432,5.1816,3.215311343,178.9104533,0,231.9864981,9.963160602,No Damage,Seavey,8.3,109.8,111.1210017,Jeffrey's Ledge,6.13,128,3.43,222.88,Isle of Shoals,33.1,130,16.35,167.7,Rye,2.34,0.21336,2.65176,0.685471343,,,
298,57636,No Damage,47464,L3970075__,3.802,3.925,NO,Washington Rd,397,RYE,0.123,Local,7,Local,71506,Portsmouth,POP 50K > 200K,NO,0, ,NO,,NO,5,Local Roads,Local,V,TOWN,TOWN,TOWN,TOWN,3,Town or Township Highway Agency,0,Flexible,20,2,10,Unpaved,Unpaved,2,2,Two way,15,ROCKINGHAM,3,Dist 3 - Janet Stevens, ,2022,504, , ,159,714,2,Two-way roadway,2, ,0,3/30/24,647.8950858,-70.74310805,43.01235906,269.7713819,5.1816,7.3152,6.651432974,279.2710591,0,245.3669546,12.59402625,No Damage,Seavey,8.3,109.8,259.5693401,Jeffrey's Ledge,6.13,128,3.43,222.88,Isle of Shoals,33.1,130,16.35,167.7,Rye,2.34,2.65176,4.78536,4.121592974,,,
449,102252,No Damage,56733,S0000001A_,11.739,11.994,NO,Ocean Blvd,397,RYE,0.255,State,5,Major Collector,71506,Portsmouth,POP 50K > 200K,NO,0, ,YES,,NO,3,Regional Corridors,State,I,610,610,610,DISTRICT 6,1,State Highway Agency,3,Flexible,30,2,11,Paved,Paved,5,3,Two way,15,ROCKINGHAM,3,Dist 3 - Janet Stevens,62397052,2022,1894,NH 1A,NH 1A,160,162,2,Two-way roadway,2, ,0,3/30/24,1349.340029,-70.73530276,43.01325371,562.8516608,3.6576,3.9624,3.881186848,568.6969914,0,235.882171,3.801835299,No Damage,Seavey,8.3,109.8,73.0991768,Jeffrey's Ledge,6.13,128,3.43,222.88,Isle of Shoals,33.1,130,16.35,167.7,Rye,2.34,1.12776,1.43256,1.351346848,,,